{"cameraMode":{"drawMode":0,"name":"Shaded","section":"Shading Mode"},"sceneLighting":true,"audioPlay":false,"sceneViewState":{"showFog":true,"showMaterialUpdate":true,"showSkybox":true,"showFlares":true,"showImageEffects":true,"showParticleSystems":true},"in2DMode":false,"pivot":{"x":7.121126651763916,"y":2.056549310684204,"z":-1.6475027799606324},"rotation":{"x":0.17150646448135377,"y":-0.8284018635749817,"z":0.38374999165534975,"w":0.3702320456504822},"size":7.596369743347168,"orthographic":false}